{"pageCount":1,"pageWidth":2764.000000,"pageHeight":3520.000000,"page_info":{"pjov-07F6CCE2B9B4B9FDC936836CCC09D03C1.jpg":[1]}}